{"model0": [[0.5293781398450907, 0.6300502231352731, 1.5231505258237474, 2.162400321793872, 2.465136913489134, 3.0236160996633688, 3.4002138647082987, 3.632612303013811, 4.181418160687025, 4.908517930555315, 5.242043788911547, 6.445065870283367, 8.655155531047848, 8.855204710705493, 9.232112584368418, 9.355637376950698, 10.846602699508615, 14.674491579681401, 14.832638305351965, 14.833068213918958, 14.865024780226825, 15.075550915544916, 15.522748094929682, 15.593724561285855, 15.801888932834308, 16.66450746792219, 17.036276933159815, 17.297109748694663, 18.239723135019183, 18.74392408039534, 20.227476879946362, 20.986320868252097, 22.293834175838693, 22.834584718314005, 23.214656932009646, 23.516780392827744, 23.699082170587854, 23.78294291511301, 23.98844937604101, 24.55976422437864, 25.763475717724763, 25.791644873799566, 26.585714097823303, 27.5076461877311, 27.731857848583907, 28.43792780474792, 28.562597479422234, 28.708636180601037, 28.983078004282234, 29.027771740279565, 29.438430876625148, 29.638352297765255, 30.410273192664135, 30.485566583008957, 30.54217687840982, 30.700718894232796, 31.85228890696955, 31.859283333760246, 41.99078647927148, 44.58106127315976, 56.81233612464888, 66.56446779694824, 69.41404179320698, 69.89979155464472, 70.38040866946173, 71.99035498124739, 73.30415439619772, 74.04135792189167, 74.11413430766142, 74.6029807243921, 75.18858296859315, 75.22277832030187, 78.31219692542899, 78.72107787507493, 81.57178449017216, 81.91732065547194, 82.03659047261543, 82.07732469747057, 84.26052328625406, 84.41268309609706, 84.85416119716774, 85.02094760184468, 85.86342610198543, 87.1907506276504, 87.61425232612861, 87.61985283718678, 88.7835104160018, 91.77081295046064, 92.7707932838265, 93.03615288133592, 95.41523243178163, 95.42846932162301, 98.28100462718486, 100.28781597145658, 101.20372366422005, 101.26222432721488, 101.86298469798132, 103.76483845591486, 104.2382800100213, 104.24721930924449, 105.49225059851463, 105.5656025439295, 105.569128234463, 107.09064044233071, 108.284904513751, 108.73394122187128, 108.92012284999029, 110.28575847635607, 110.3861363851629, 110.41132586190346, 110.83115602221378, 113.01648287896737, 114.1385321687821, 114.51145315140069, 114.62963961496975, 115.0694034668105, 115.32839602188642, 116.50400238563631]], "model1": [[0.06981802643085122, 2.399050772445843, 2.45416238020138, 6.30048116384323, 6.457616208173494, 8.619506623017609, 9.847178973578568, 12.976975631892445, 13.02518845168123, 13.166208162414843, 15.200684704288431, 15.349930917855342, 17.264709768069906, 18.025578689839893, 18.99708381654853, 21.960257055919456, 27.2353056974546, 33.27766008055776, 36.47832689629237, 37.053686935721544, 37.22529223993982, 38.47334496121608, 41.49214579119648, 41.61503839709064, 42.920699307942975, 43.249721011975176, 44.37650993716686, 45.75255968521901, 50.00778453447883, 52.09090819410842, 53.31322393173882, 53.86084319677166, 53.89323111318456, 54.76684568541349, 55.41848790683879, 56.3187810438057, 57.464756803425146, 58.36738069107229, 58.523194867871304, 58.72495371662403, 59.40490203039293, 59.42481039185719, 60.33169959149976, 60.37251395395715, 61.37341196738476, 61.75110738286312, 62.22054117446041, 62.43534628427553, 62.73975873835343, 62.763277676209576, 62.99044494332531, 63.14518634743429, 63.38348984644954, 63.540095575738576, 63.9684434571253, 64.50147832811369, 65.05771473010176, 65.99127493019058, 66.2848031041521, 66.72519438800555, 67.33968441577156, 68.3858460714489, 68.67926819128525, 68.72455684293703, 68.7956899574774, 71.4198275424622, 71.758925784505, 72.08559885160427, 72.32892033910765, 73.94585619188328, 74.33499012139532, 74.57287816826923, 74.93203622215465, 75.1492410466347, 76.37389899286926, 76.40989268323035, 76.7118264708149, 77.71039708840387, 82.22604585067192, 83.48094207937615, 84.27197514921826, 84.89303990831712, 85.02575883077837, 85.26951671909579, 88.77291361276616, 90.18272429605405, 90.74954800411663, 91.6934883200328, 93.33424143963035, 93.39920009494563, 93.44754226796292, 98.39322990631756, 99.04996399175786, 99.40411757766844, 100.89951389196439, 101.41802943899549, 104.00594127830392, 104.6589462883658, 106.55023552479469, 108.0787444057645, 110.54303466287308, 111.87771841735459, 112.43493132628517, 112.54858160867431, 113.21069331310426, 113.61062366971557, 113.8198206127548, 114.72149574168786, 115.45169721548965, 115.87128753488915, 116.6280254017583, 118.02059660885325, 118.14330321928061, 118.56189143027748]], "model2": [[0.30007885864041517, 0.5756672976357624, 3.1236417190338486, 3.1487982603528892, 3.456052011610028, 4.1426939952186075, 4.389709573277906, 6.1437076090901375, 6.3945850353975295, 8.560417629988553, 9.29720900351838, 9.564375251265028, 9.784797746175702, 11.823207766848492, 11.917747584183411, 14.50124156960902, 17.505012486094422, 19.306717161173967, 19.46274491279816, 19.67594710787569, 20.48966332775531, 21.76824914289609, 22.759742592646656, 23.282923620210443, 24.1602323181223, 24.644429492105356, 24.959144351248185, 25.484799805511276, 27.285582251129913, 30.805963965047468, 31.51307896304652, 33.495092201763626, 33.96364314221142, 35.34905622235979, 37.48069609433053, 42.3489844282082, 42.87389981442373, 47.77447982576173, 51.85131196795204, 61.21698455984803, 63.35283402310829, 66.69179424985315, 81.87806760576886, 92.60704214010536, 99.67192995527863, 102.27589469432769, 107.98246661590512, 115.00465603592107, 117.45857209084932]]}